{
  "assetsByChunkName": {
    "vendors~app-account~app-confirmation~app-order": "chunk.58981ad4fd2200e2ffc1.js",
    "vendors~app-account~app-checkout": "chunk.25f1d70753ca6e73e86c.js",
    "vendors~app-cart~app-checkout": "chunk.31027ff535fe387279ae.js",
    "admin": [
      "admin.781869b1f6410d0e094f.js",
      "admin.781869b1f6410d0e094f.js.map"
    ],
    "app-account": "chunk.38746751e99563363f05.js",
    "app-checkout": "chunk.b23c056ffa27678534b1.js",
    "app-confirmation": "chunk.eb09ad2109b2058a3aad.js",
    "checkout": [
      "checkout.1341f86efe2a8fa6dbf3.js",
      "checkout.1341f86efe2a8fa6dbf3.js.map"
    ],
    "storefront": [
      "storefront.da24f838786a8ce580dc.css",
      "storefront.3c2ccd86a528711bb000.js",
      "storefront.da24f838786a8ce580dc.css.map",
      "storefront.3c2ccd86a528711bb000.js.map"
    ],
    "vendors~app-cart": "chunk.668b9c3723cc4933f182.js",
    "vendors~app-order": "chunk.d06b73f4e64ad44341c0.js"
  }
}