{
  "title": "Agenda Eventos",
  "body": "Sabia que você pode ver nossos produtos além da loja online, de pertinho e ainda fazer um passeio delicioso? \n\nSimmm!! Fazemos **muitos eventos** **gostosos** e se você mora ou está na **cidade em SP**, pode aproveitar ♡\n\nSempre com o melhor do **design autoral e brasileiro**, arte, gastronomia, música, encontros e muita energia boa!\n\nSiga nossa página no Instagram e fique por dentro :)",
  "sections": [
    {
      "type": "breadcrumbs",
      "enabled": true
    },
    {
      "type": "page-title",
      "title": "Onde nos Encontrar ",
      "description": "Agenda de Eventos"
    },
    {
      "type": "extra-page",
      "enabled": true
    },
    {
      "type": "custom-html",
      "html": "<center><a href=\"https://www.instagram.com/stories/highlights/17907467156616784/\" target=\"_blank\" aria-label=\"agenda de eventos\" style=\"min-height: 608px;\"><picture class=\"lozad fade img-fluid show\" data-iesrc=\"/img/uploads/agenda_0107.png\" data-alt=\"agenda de eventos\" data-width=\"750\" data-height=\"608\" data-loaded=\"true\">\n <source srcset=\n         \"/img/uploads/agenda_0107.png\" media=\"\"><img alt=\"agenda de eventos\"></picture></a></center></div>\n\n<center><h4>Acompanhe nossa agenda e fique por dentro das próximas feiras e eventos em nosso Instagram:</h4>\n<br><br><a href=\"https://www.instagram.com/stories/highlights/17907467156616784/\" class=\"bt\" target=\"_blank\">@carteirasdafnaedery</a>\n  \n<br><br><br><div>\n  <p><i>Siga-nos e esteja sempre atualizado!</p></i></center>\n\n"
    },
    {
      "type": "collection-shelf",
      "shuffle": false,
      "limit": 12,
      "page": 1,
      "collection_id": null,
      "sort": "views",
      "title": "Veja o que nossas clientes estão escolhendo e se inspire ",
      "link": ""
    },
    {
      "type": "info-bar",
      "enabled": true
    }
  ],
  "meta_title": "Agenda de Eventos - SP - Dafna Edery - Carteiras em Couro Artesanais",
  "meta_description": "Conheça as carteiras de couro artesanais Dafna Edery em eventos e feiras de São Paulo. Qualidade e design exclusivo. Acompanhe nossa agenda no Instagram."
}