{
  "title": "Contato",
  "meta_title": "Contato",
  "meta_description": "Contato",
  "body": "<center>\n    <h5>Atendimento  </h5>\n<br>\n     \n         <span> <a href=\"https://wa.me/5511997187964\" target=\"_blank\" alt=\"Whatsapp\" title=\"Whatsapp\"><img src=\"https://cdn.ecvol.com/s/www.dafnaedery.com.br/uploads/whatsapp1.png\">&ensp;&nbsp;WhatsApp:(11) 99718-7964</a></span><br><br>\n        <span><a href=\"mailto:vendasonline@dafnaedery.com.br \" target=\"_blank\" alt=\"Fale Conosco\" title=\"Fale Conosco\"><img src=\"https://cdn.ecvol.com/s/www.dafnaedery.com.br/uploads/email.png\">&ensp;&nbsp;vendasonline@dafnaedery.com.br </a></span><br><br>\n  Acompanhe nossas redes sociais: <span><a href=\"https://www.facebook.com/Carteiras-Dafna-Edery-1403295359894837/ \" target=\"_blank\" alt=\"Acompanhe nossa Fanpage\" title=\"Acompanhe nossa Fanpage\"><img src=\"https://cdn.ecvol.com/s/www.dafnaedery.com.br/uploads/facebook-dafna-edrey.png\"> </a></span>&ensp;<span><a href=\"https://www.instagram.com/carteirasdafnaedery/ \" target=\"_blank\" alt=\"Siga nosso Instagram\" title=\"Siga Nosso Instagram\"><img src=\"https://cdn.ecvol.com/s/www.dafnaedery.com.br/uploads/instagram-dafna-edery.png\"> </a></span><br><br> </center>",
  "sections": [
    {
      "type": "breadcrumbs",
      "enabled": true
    },
    {
      "type": "page-title"
    },
    {
      "type": "extra-page",
      "enabled": true
    },
    {
      "type": "collection-shelf",
      "shuffle": false,
      "limit": 12,
      "page": 1,
      "collection_id": "64d116952cd6b659590c6b86:collections:Destaques:/destaques",
      "sort": "views",
      "title": "DESTAQUES",
      "link": "https://www.dafnaedery.com.br/destaques"
    },
    {
      "type": "info-bar",
      "enabled": true
    }
  ]
}