{
  "title": "Condições de entrega",
  "meta_title": "Condições de entrega",
  "meta_description": "Condições de entrega",
  "body": "Na **Dafna Edery**, levamos a sua comodidade a sério. Com envio para todo o Brasil, você pode ter nossos produtos incríveis onde quer que esteja. E o melhor de tudo? Temos produtos a **pronta entrega**, o que significa que você não precisa esperar muito para desfrutar de nossos itens exclusivos.\n\nPara tornar a sua experiência ainda mais conveniente, oferecemos diferentes opções de envio via Correios. Assim, você pode escolher a opção que melhor se adapta às suas necessidades.\n\nTemos Opções de Frete com **Taxa Fixa,**veja mais detalhes na imagem.\n\nSe você está em **São Paulo**, na capital, envio expresso via SEDEX. Para outras localidades, temos o envio econômico via PAC. \n\nE aqui vai uma **oferta especial**: **frete grátis em compras a partir de R$500**, válido para todo o Brasil. Não há desculpas para não adicionar seus produtos favoritos ao carrinho e aproveitar essa vantagem. Basta seguir as regras e adicionar os itens desejados.\n\nApós a confirmação do pagamento, seu pedido será postado em até 2 dias úteis. \n\nO **prazo de entrega** varia de acordo com o seu CEP e você pode calcular diretamente no momento do fechamento do pedido em nossa loja. \n\nAgradecemos por visitar a **Dafna Edery** e por escolher nossos produtos de alta qualidade. Estamos aqui para atender você da melhor maneira possível e proporcionar uma experiência de compra excepcional. \n\nSe tiver alguma dúvida, não hesite em nos contatar. \n\nEstamos sempre à disposição para ajudar.",
  "sections": [
    {
      "type": "breadcrumbs",
      "enabled": true
    },
    {
      "type": "page-title",
      "title": "Envio para Todo Brasil ",
      "description": "Confira nossas condições"
    },
    {
      "type": "custom-html",
      "html": "<center><picture class=\"lozad fade img-fluid show\" data-iesrc=\"template/public/img/uploads/frete0407.png\" data-alt=\"opcoes frete\" data-width=\"750\" data-height=\"608\" data-loaded=\"true\">\n <source srcset=\n         \"/img/uploads/frete0407.png\" media=\"\"><img alt=\"opcoes de frete\"></picture></a>\n</center></div>\n\n\n\n\n"
    },
    {
      "type": "extra-page",
      "enabled": true
    },
    {
      "type": "collection-shelf",
      "shuffle": false,
      "limit": 12,
      "page": 1,
      "sort": "news",
      "title": "ACABARAM DE CHEGAR POR AQUI",
      "collection_id": null,
      "link": ""
    },
    {
      "type": "info-bar",
      "enabled": true
    }
  ]
}
