{
  "title": "Formas de pagamento",
  "meta_title": "Formas de pagamento",
  "meta_description": "Formas de pagamento",
  "body": "  Formas de pagamento: \n\n\\- PIX /depósito/transferência com 5% de desconto no valor dos produtos (Banco Itaú).\n    - boleto, cartão de débito, cartão de crédito à vista ou parcelado em até 5X sem juros, são via PayPal ou Pagseguro.\n\nApós o envio do pedido, você receberá uma mensagem de e-mail sinalizando a efetivação do mesmo. \nOptando por pagamento via **PIX/depósito**, você terá acesso aos dados bancários em nosso próprio site (Banco Itaú), encaminhe o comprovante para nosso [whatsapp](https://web.whatsapp.com/send?phone=%2B5511997187964) para agilizarmos seu pedido. Somente será aprovado e preparado para envio após envio do comprovante e confirmação bancária. \n\nA mercadoria fica reservada por 2 dias, a partir da data de seu pedido. Este é o prazo para identificarmos seu pagamento. Se após este prazo seu pagamento não for confirmado, seu pedido será cancelado.\n\n**Identificação do Pagamento:** \n\nPara pagamentos via depósito/transferência, pedimos a gentileza de nos sinalizar [whatsapp ](https://web.whatsapp.com/send?phone=%2B5511997187964)Nós identificaremos o mesmo e atualizaremos no site como \"pago\". \nJá para pagamentos via PayPal ou Pagseguro, recebemos uma mensagem diretamente destes confirmando seu pagamento e o site é atualizado automático. \nUsamos o sistema de pagamento online PayPal e Pagseguro, principais ferramentas de pagamentos digitais usada mundialmente.\nOs dados financeiros que você eventualmente fornecer não temos acesso, essa informação é feita direta com a operadora, via checkout transparente; aumentando assim a segurança de sua compra. \n\nCaso tenha alguma dúvida entre em [contato conosco](https://web.whatsapp.com/send?phone=%2B5511997187964)\n\n**Envio** \n\nSeu pedido será enviado de acordo com o frete escolhido, nossa postagem será realizada em até 2 dias úteis após confirmação do pagamento.\n\nV﻿ocê receberá também um email com código de rastreamento para acompanhar seu pedido. Caso queira verificar pela loja [acesse ](https://dafnaedery.com.br/app/#/account/)",
  "sections": [
    {
      "type": "breadcrumbs",
      "enabled": true
    },
    {
      "type": "page-title"
    },
    {
      "type": "extra-page",
      "enabled": true
    },
    {
      "type": "collection-shelf",
      "shuffle": false,
      "limit": 12,
      "page": 1,
      "collection_id": "64d116952cd6b659590c6b86:collections:Destaques:/destaques",
      "sort": "views",
      "title": "DESTAQUES",
      "link": "https://www.dafnaedery.com.br/destaques"
    },
    {
      "type": "info-bar",
      "enabled": true
    }
  ]
}