{
  "title": "Pintura Manual",
  "body": "As **carteiras e acessórios** mais lindos e coloridos do mundo, ainda mais especiais.\n\nEm parceira com a **ilustradora Ana Luiza de Paula**, criamos **peças exclusivas**, **autorais** e **divertidas**. \n\nAs **carteiras pintadas à mão** pela ilustradora são um sucesso absoluto!\n\nSão pintadas manualmente, uma a uma pela artista que utiliza pincéis bem fininhos e uma tinta especial para couro, isto é, são resistentes e duráveis.\n\nCada coleção é especial, um **presente original e de afeto ♡**, artesanal e super brasileiro.\n\n***Vale a pena conhecer!***",
  "sections": [
    {
      "type": "banner-slider",
      "autoplay": 9000,
      "full_width": true,
      "slides": [
        {
          "start": "2024-06-19T17:28:45.647Z",
          "end": "",
          "img": "/img/uploads/pintura-manual-_cat.png",
          "mobile_img": "/img/uploads/catpintura-manual-mob.png"
        }
      ]
    },
    {
      "type": "page-title",
      "title": "Carteiras e Acessórios Pintados à Mão",
      "description": "Coleção Exclusiva"
    },
    {
      "type": "breadcrumbs",
      "enabled": true
    },
    {
      "type": "extra-page",
      "enabled": true
    },
    {
      "type": "collection-shelf",
      "shuffle": false,
      "limit": 12,
      "page": 1,
      "collection_id": "64ad63c25e606903705e9258:categories:Pintura Manual:/pintura-manual/",
      "sort": "news",
      "link": "https://www.dafnaedery.com.br/pintura-manual/",
      "title": "Veja todos"
    },
    {
      "type": "info-bar",
      "enabled": true
    }
  ],
  "meta_title": "Carteiras e Acessórios Artesanais Coleção Exclusiva Pintura por Ana Luiza de Paula",
  "meta_description": "Descubra as exclusivas peças em couro da Dafna Edery, pintadas à mão pela talentosa ilustradora Ana Luiza de Paula. Cada item é confeccionado artesanalmente no Brasil, unindo qualidade e ilustrações divertidas, autorais e cheias de afeto, perfeitas para presentear amigos queridos."
}