{
  "title": "Política de privacidade",
  "meta_title": "Política de privacidade",
  "meta_description": "Política de privacidade",
  "body": "Termos de serviço\nPOLÍTICA DE PRIVACIDADE DAFNA EDERY\n\nNo nosso e-commerce seus dados são armazenados, apenas quando você se cadastra ou realiza alguma compra,  onde seus dados como e-mail são utilizados para comunicações por e-mail, o qual utilizamos para o contato e avisos de novidades e promoções da DAFNA EDERY.\n\nSeu e-mail também é armazenado caso você tenha se cadastrado em nossa newsletter,  seus dados são armazenados em nossa base externa de emails para comunicações por e-mail, que utilizamos para o contato e avisos de novidades e promoções da DAFNA EDERY.\n\n**DADOS QUE COLETAMOS**\nEstes são os dados que coletamos. Nós informamos para você o motivo de coletarmos todos estes dados e com quem os compartilhamos. Além disso, esclarecemos as finalidades que lhes serão destinadas (cumprir obrigações legais, atender suas expectativas e otimizar nossa relação, basicamente). Na tabela abaixo trazemos uma versão simplificada dos seus dados que gerenciamos e para que o fazemos. Lembre-se: em nossa política poderá ver com muito mais precisão para qual finalidade utilizamos seus dados!\n\n**PRAZO E LOCAL DE ARMAZENAMENTO DOS DADOS**\nDados pessoais Prazo de armazenamento Fundamento legal\n\nDados cadastrais 5 (cinco) anos após o término da relação Art. 12 e 34 do código de defesa do consumidor\n\nOutros dados Enquanto durar a relação e não houver pedido de apagamento ou revogação de consentimento Art. 9, inciso ii da lei geral de proteção de dados pessoais.\n\n**ACESSIBILIDADE DOS DADOS PESSOAIS**\nPodemos coletar ou você poderá nos fornecer seu nome completo, cidade, whatsapp  para a sua identificação.\n\nNão solicitamos em nenhum formulário do site dados como CPF, CNPJ, isso somente é solicitado para transação comercial que ocorre por e-commerce , presencialmente ou whatsapp para comercialização de produtos DAFNA EDERY. Esses dados ficam armazenados em nossa base específica comercial.\n\nTambém coletamos, caso necessário, algumas informações técnicas do seu dispositivo, tais como, a versão do sistema operacional, a sua geolocalização, os aplicativos instalados, IP e porta lógica de origem, registros de interações com a DAFNA EDERY , telas acessadas, session ID e dados públicos do seu Facebook, visando ampliar o nosso relacionamento, cumprir com obrigações legais, dentre outras finalidades.\n\nRecomendamos que você analise a nossa política onde constam mais detalhadamente as finalidades de uso de dados que coletamos. Usamos esses dados, também, para informar sobre nossos produtos e serviços, de acordo com seu perfil. Além disso, os dados também são utilizados para a sua proteção, seja para cumprir obrigações legais e assim assegurar seus direitos ou até mesmo para prevenir alguma fraude.\n\n**CANAL DE CONTATO**\nEm caso de qualquer dúvida com relação às disposições da política, você poderá entrar em contato por meio do e-mail: [vendasonline@dafnaedery.com.br](mailto:vendasonline@dafnaedery.com.br)",
  "sections": [
    {
      "type": "breadcrumbs",
      "enabled": true
    },
    {
      "type": "page-title"
    },
    {
      "type": "extra-page",
      "enabled": true
    },
    {
      "type": "info-bar",
      "enabled": true
    }
  ]
}