{
  "title": "SALE",
  "body": "S﻿ALE - DAFNA EDERY",
  "sections": [
    {
      "type": "breadcrumbs",
      "enabled": true
    },
    {
      "type": "extra-page",
      "enabled": true
    },
    {
      "type": "dynamic-showcase",
      "load_more": false,
      "sort": "offers"
    },
    {
      "type": "collection-shelf",
      "shuffle": false,
      "limit": 12,
      "page": 1,
      "collection_id": null,
      "sort": "sales",
      "title": "Veja o que nossas clientes estão escolhendo e se inspire"
    },
    {
      "type": "info-bar",
      "enabled": true
    }
  ]
}