{
  "title": "Sobre nós",
  "meta_title": "Sobre nós",
  "meta_description": "Sobre nós",
  "body": "**Conheça nossa história:**\n\nFilha de artesão marroquino, **Dafna** herdou a paixão e a técnica em criar **carteiras e acessórios em couro** colorido de excelente qualidade.\n\n\nCresceu na fábrica, entre os couros e as modelagens, e desenvolveu um olhar técnico e ao mesmo tempo criativo para acompanhar e participar de todo processo produtivo.\\\nO resultado são peças muito bem feitas,  coloridas, práticas, leves e artesanais. \n\n\nEntre elas: **carteiras**, **bolsas** e aqueles **acessórios** práticos que não podem faltar como **porta óculos**, **necessaires**, **porta cartões** e muito mais. \n\n\nMuitas peças são pintadas manualmente em parceria com a **ilustradora Ana Luiza de Paula**, que usa uma tinta especial para couro, criando peças com design autoral, exclusivas e divertidas; aquele presente especial de afeto ❤️\n\n\n***Valorizando a matéria prima e a mão de obra brasileira, seus produtos artesanais são feitos para durar e se encantar!***",
  "sections": [
    {
      "type": "breadcrumbs",
      "enabled": true
    },
    {
      "type": "page-title"
    },
    {
      "type": "custom-html",
      "html": "<center><a href=\"javascript:;\" aria-label=\"\" style=\"min-height: 1129px;\"><picture class=\"lozad fade img-fluid show\" data-iesrc=\"/img/uploads/quem-somos_0107.png\" data-alt=\"\" data-width=\"700\" data-height=\"1129\" data-loaded=\"true\"><source srcset=\"/img/uploads/quem-somos_0107.png\" media=\"\">\n  <img></picture></a></center></div>\n"
    },
    {
      "type": "extra-page",
      "enabled": true
    },
    {
      "type": "collection-shelf",
      "shuffle": false,
      "limit": 12,
      "page": 1,
      "collection_id": null,
      "link": "",
      "title": "ACABARAM DE CHEGAR POR AQUI",
      "sort": "news"
    },
    {
      "type": "info-bar",
      "enabled": true
    }
  ]
}