{
  "title": "Trocas e devoluções",
  "meta_title": "Trocas e devoluções",
  "meta_description": "Trocas e devoluções",
  "body": "O prazo de solicitação de troca ou devolução por insatisfação, podem ocorrer em: \n\n* 7 (sete) dias corridos, para devolução \n* 30 (trinta) dias corridos, para troca.\n\nAmbos contados a partir da data do recebimento da mercadoria, de acordo com o Código de Defesa do Consumidor. \nCaso não tenha gostado do produto ou ele não tenha atendido às suas expectativas, você pode devolvê-lo ou trocá-lo por qualquer outra peça do site que esteja disponível em estoque, após a devolução da peça.\nAguardamos contato, através do e-mail:vendasonline@dafnaedery.com.br; formalizando o pedido de devolução com: motivo, telefone de contato e escolha do produto que será enviado de volta em caso de troca. Em seguida entraremos em contato, para ajustarmos melhor forma do trâmite.\n\nCondições da peça para troca:\n\n* Portar etiqueta da Dafna Edery em perfeito estado.\n* Estar acondicionado dentro da embalagem/sacola da marca.\n* Estar sem qualquer indício de uso: sem lacear, sem arranhões, sem marcas, sem riscos de tinta ou caneta.\n\nCaso tenha dúvidas, estamos à disposição por e-mail: vendasonline@dafnaedery.com.br ou whatsapp: (11) 997187964. \n\nBoas Compras!\nEquipe Dafna Edery",
  "sections": [
    {
      "type": "breadcrumbs",
      "enabled": true
    },
    {
      "type": "page-title"
    },
    {
      "type": "extra-page",
      "enabled": true
    },
    {
      "type": "info-bar",
      "enabled": true
    }
  ]
}