{
  "sections": [
    {
      "type": "breadcrumbs",
      "enabled": true
    },
    {
      "type": "brand-retail",
      "enabled": true,
      "sort": "sales"
    },
    {
      "type": "page-title",
      "title": "Dafna Edery - Carteiras e Acessórios Artesanais em Couro",
      "description": "Qualidade impecável e durabilidade excepcional. Feitas à mão no Brasil, elas são verdadeiras obras de arte. Escolha entre uma ampla variedade de cores e modelos exclusivos."
    },
    {
      "type": "document-description",
      "enabled": true
    },
    {
      "type": "document-banner",
      "enabled": true
    },
    {
      "type": "info-bar",
      "enabled": true
    }
  ]
}