{
  "description": {
    "title": "",
    "text": ""
  },
  "links_1": {
    "list_pages": false,
    "title": "Informações",
    "list": [
      {
        "text": "Quem Somos",
        "url": "https://www.dafnaedery.com.br/pages/sobre-nos"
      },
      {
        "text": "Como Comprar",
        "url": "https://www.dafnaedery.com.br/pages/faq"
      },
      {
        "text": "Frete e Formas de Envio",
        "url": "https://www.dafnaedery.com.br/pages/entrega"
      },
      {
        "text": "Formas de Pagamento",
        "url": "https://www.dafnaedery.com.br/pages/pagamentos"
      },
      {
        "text": "Onde nos Encontrar",
        "url": "https://www.dafnaedery.com.br/pages/agenda-eventos"
      },
      {
        "text": " Segurança & Privacidade",
        "url": "https://www.dafnaedery.com.br/pages/privacidade"
      },
      {
        "text": " Trocas & Devoluções",
        "url": "https://www.dafnaedery.com.br/pages/trocas"
      }
    ]
  },
  "links_2": {
    "list_categories": false,
    "title": "Categorias",
    "list": []
  },
  "contacts": {
    "title": "Contatos",
    "phone_wpp": true,
    "socials": true,
    "email": true,
    "address": true
  },
  "stamps": [
    {
      "src": "/img/uploads/pix1.png",
      "link": "https://www.dafnaedery.com.br/pages/pagamentos"
    },
    {
      "src": "/img/uploads/cartoes.png",
      "link": "https://www.dafnaedery.com.br/pages/pagamentos"
    },
    {
      "src": "/img/uploads/seguranca1.png"
    }
  ],
  "payment_methods": {
    "pix": false,
    "visa": false,
    "mastercard": false,
    "elo": false,
    "amex": false,
    "hipercard": false,
    "boleto": false,
    "paypal": false
  },
  "credits": ""
}