{
  "categories_list": {
    "featured": [],
    "random": 7,
    "full_width": true
  },
  "centralized_logo": false,
  "marketing_stripe": {
    "text": "Frete Grátis acima de R$500 (SP Capital) | 5% no PIX | Parcele em até 5x sem juros",
    "link": "https://www.dafnaedery.com.br/pages/entrega",
    "background": "#afafaf",
    "color": "#ffffff"
  },
  "alphabetical_order_submenu": true,
  "popup": "",
  "search_input": true,
  "desktop_megamenu": false,
  "full_width_submenu": true,
  "contacts_stripe": {
    "pages": [],
    "phone_wpp": true,
    "socials": true
  }
}