{
  "meta_title": "Dafna Edery - Carteiras e Acessórios Artesanais em Couro ",
  "meta_description": "Acessórios Coloridos, Brasileiros . Qualidade e Durabilidade. Compre Online",
  "sections": [
    {
      "type": "banner-slider",
      "autoplay": 9000,
      "full_width": true,
      "slides": [
        {
          "start": "2026-02-11T18:15:01.065Z",
          "end": "",
          "img": "/img/uploads/dafnaedery-carteirascouro-fev2026.webp",
          "mobile_img": "/img/uploads/dafnaedery-carteirascouro-fev2026_mob1.png",
          "link": "https://www.dafnaedery.com.br/pages/sobre-nos",
          "alt": "Dafna Edery - Carteiras e Acessórios Artesanais em Couro"
        }
      ]
    },
    {
      "type": "responsive-banner",
      "img": "/img/uploads/desktop2026dafna.png",
      "mobile_img": "/img/uploads/mobile-f-1906.png",
      "link": "https://www.dafnaedery.com.br/pages/entrega",
      "alt": "Envio para Todo Brasil veja ofertas especiais"
    },
    {
      "type": "banners-grid",
      "banners": [
        {
          "img": "/img/uploads/bagcharm_2026_dafnaedery.jpg",
          "link": "https://dafnaedery.com.br/chaveiro",
          "alt": "Bag Charm Chaveiro"
        },
        {
          "img": "/img/uploads/carteira-pocket_2026_dafna.jpg",
          "link": "https://www.dafnaedery.com.br/carteiras-pocket"
        },
        {
          "img": "/img/uploads/carteira-petit-2026-dafna.jpg",
          "link": "https://www.dafnaedery.com.br/carteiras-petit"
        },
        {
          "img": "/img/uploads/carteira-bicolor-2026-dafna.jpg",
          "link": "https://dafnaedery.com.br/carteiras-bicolor"
        }
      ]
    },
    {
      "type": "banners-grid",
      "banners": [
        {
          "img": "/img/uploads/pintadas-2026-dafna.jpg",
          "link": "https://www.dafnaedery.com.br/pintura-manual/"
        },
        {
          "img": "/img/uploads/masculinas-2026-dafna.jpg",
          "link": "https://www.dafnaedery.com.br/carteiras-masculinas"
        },
        {
          "img": "/img/uploads/portaoculos-2026-dafna.jpg",
          "link": "https://www.dafnaedery.com.br/porta-oculos"
        },
        {
          "img": "/img/uploads/portacartoes-2026-dafna.jpg",
          "link": "https://dafnaedery.com.br/porta-cartao",
          "alt": "Porta Cartões em Couro"
        }
      ]
    },
    {
      "type": "banners-grid",
      "banners": [
        {
          "img": "/img/uploads/carteira-doc-2026-dafna.jpg",
          "link": "https://dafnaedery.com.br/carteiras-doc"
        },
        {
          "img": "/img/uploads/carteira-argentina-2026-dafna.jpg",
          "link": "https://www.dafnaedery.com.br/carteiras-em-couro-argentina"
        },
        {
          "img": "/img/uploads/carteira-navio-2026-dafna.jpg",
          "link": "https://www.dafnaedery.com.br/carteira-couro-navio"
        },
        {
          "img": "/img/uploads/carteira-ziper-2026-ziper.jpg",
          "link": "https://www.dafnaedery.com.br/carteiras-couro-ziper"
        }
      ]
    },
    {
      "type": "banners-grid",
      "banners": [
        {
          "img": "/img/uploads/necessaires-2026-dafna.jpg",
          "link": "https://dafnaedery.com.br/necessaire",
          "alt": "Necessaires em Couro "
        },
        {
          "img": "/img/uploads/bolsas-2026-dafna.jpg",
          "link": "https://www.dafnaedery.com.br/bolsas/"
        },
        {
          "img": "/img/uploads/paraviagem-2026-dafna.jpg",
          "link": "https://dafnaedery.com.br/para-viajar"
        },
        {
          "img": "/img/uploads/carteira-isadora-2026-dafna.jpg",
          "link": "https://dafnaedery.com.br/carteiras-isadora",
          "alt": "Carteira Isadora em Couro"
        }
      ]
    },
    {
      "type": "banners-grid",
      "banners": [
        {
          "img": "/img/uploads/portacelular-2026-dafna.jpg",
          "link": "https://dafnaedery.com.br/porta-celular",
          "alt": "Porta Celular em Couro"
        },
        {
          "img": "/img/uploads/presentes-2026-dafna.jpg",
          "link": "https://dafnaedery.com.br/presentes",
          "alt": "Presentes em Couro "
        },
        {
          "img": "/img/uploads/maisacessorios-2026-dafna.jpg",
          "link": "https://dafnaedery.com.br/acessorios-dafna-edery",
          "alt": "Mais Acessórios em Couro"
        },
        {
          "img": "/img/uploads/sale-2026-dafna.jpg",
          "link": "https://dafnaedery.com.br/sale",
          "alt": "Sale 2026 - Dafna Edery - Carteiras e Acessórios em Couro - Peças Artesanais"
        }
      ]
    },
    {
      "type": "collection-shelf",
      "shuffle": false,
      "limit": 12,
      "page": 1,
      "collection_id": "64d116952cd6b659590c6b86:collections:Destaques:/destaques",
      "sort": "sales",
      "link": "https://www.dafnaedery.com.br/destaques",
      "title": "DESTAQUES"
    },
    {
      "type": "collection-shelf",
      "shuffle": false,
      "limit": 12,
      "page": 1,
      "sort": "highest_price",
      "title": "SALE",
      "link": "https://www.dafnaedery.com.br/sale",
      "collection_id": "66843f15f4e6d85ab2c1fa86:categories:SALE:/sale"
    },
    {
      "type": "banners-grid",
      "banners": [
        {
          "img": "/img/uploads/agenda-eventos-1906.png",
          "link": "https://www.dafnaedery.com.br/pages/agenda-eventos",
          "alt": "Agenda de Eventos Dafna Edery - Carteiras em Couro Artesanais"
        },
        {
          "img": "/img/uploads/banner-pinturamanual-1906.png",
          "link": "https://www.dafnaedery.com.br/pages/pintura-manual",
          "alt": "Revenda - Atacado - Dafna Edery - Carteiras em Couro Artesanais"
        }
      ]
    },
    {
      "type": "info-bar",
      "enabled": true
    }
  ]
}