{
  "shipping": {
    "show": true,
    "text": "Entregamos para todo o Brasil",
    "title": "FRETE ESPECIAL, consulte as regras",
    "link": "https://www.dafnaedery.com.br/pages/entrega"
  },
  "installments": {
    "show": true,
    "text": "ou Parcele em até 5x sem juros no cartão",
    "title": "Ganhe 5% de desconto no PIX ",
    "link": "https://www.dafnaedery.com.br/pages/pagamentos"
  },
  "exchange": {
    "show": false,
    "text": "Não gostou? A primeira troca é gratuita"
  },
  "promo": {
    "show": false,
    "text": "Diferentes promoções ao longo do ano!"
  }
}